ID(ignored),x,y
0,2.2953622,48.8735374
1,2.2971802,48.8731324
2,2.2972875,48.873951
3,2.2985105,48.8741203
4,2.2994547,48.8723844
5,2.3000984,48.8732171
6,2.2996907,48.8742332
7,2.3011069,48.8744873
8,2.3005919,48.8738098
9,2.3010211,48.8730195
10,2.3017292,48.8733864
11,2.3011069,48.871961
12,2.302845,48.8730336
13,2.3034887,48.8736405
14,2.3023086,48.8745437
15,2.3053985,48.8747413
